<linker>
	<assembly fullname="UnityEngine">
		<type fullname="UnityEngine.Object" preserve="nothing"/>
		<type fullname="UnityEngine.Behaviour" preserve="nothing"/>
		<type fullname="UnityEngine.Component" preserve="nothing"/>
		<type fullname="UnityEditor.MonoScript" preserve="nothing"/>
		<type fullname="UnityEngine.MonoBehaviour" preserve="nothing"/>
		<type fullname="UnityEngine.Material" preserve="nothing"/>
		<type fullname="UnityEngine.Texture" preserve="nothing"/>
		<type fullname="UnityEngine.Texture2D" preserve="nothing"/>
		<type fullname="UnityEngine.Sprite" preserve="nothing"/>
		<type fullname="UnityEditor.UnityConnectSettings" preserve="nothing"/>
		<type fullname="UnityEditor.VFXManager" preserve="nothing"/>
		<type fullname="UnityEngine.Shader" preserve="nothing"/>
		<type fullname="UnityEngine.TextAsset" preserve="nothing"/>
		<type fullname="UnityEditor.TagManager" preserve="nothing"/>
		<type fullname="UnityEditor.MonoManager" preserve="nothing"/>
		<type fullname="UnityEngine.Rendering.GraphicsSettings" preserve="nothing"/>
		<type fullname="UnityEditor.PlayerSettings" preserve="nothing"/>
		<type fullname="UnityEditor.TimeManager" preserve="nothing"/>
		<type fullname="UnityEditor.InputManager" preserve="nothing"/>
		<type fullname="UnityEditor.PhysicsManager" preserve="nothing"/>
		<type fullname="UnityEditor.AudioManager" preserve="nothing"/>
		<type fullname="UnityEditor.Physics2DSettings" preserve="nothing"/>
		<type fullname="UnityEngine.QualitySettings" preserve="nothing"/>
		<type fullname="UnityEngine.Camera" preserve="nothing"/>
		<type fullname="UnityEngine.Transform" preserve="nothing"/>
		<type fullname="UnityEngine.AudioBehaviour" preserve="nothing"/>
		<type fullname="UnityEngine.AudioListener" preserve="nothing"/>
		<type fullname="UnityEngine.Canvas" preserve="nothing"/>
		<type fullname="UnityEngine.RectTransform" preserve="nothing"/>
		<type fullname="UnityEngine.GameObject" preserve="nothing"/>
		<type fullname="UnityEngine.LightmapSettings" preserve="nothing"/>
		<type fullname="UnityEngine.Font" preserve="nothing"/>
		<type fullname="UnityEngine.CanvasRenderer" preserve="nothing"/>
		<type fullname="UnityEngine.LightingSettings" preserve="nothing"/>
		<type fullname="UnityEngine.RenderSettings" preserve="nothing"/>
		<type fullname="UnityEngine.Renderer" preserve="nothing"/>
		<type fullname="UnityEngine.TrailRenderer" preserve="nothing"/>
		<type fullname="UnityEngine.Light" preserve="nothing"/>
		<type fullname="UnityEngine.SpriteRenderer" preserve="nothing"/>
		<type fullname="UnityEngine.AudioSource" preserve="nothing"/>
		<type fullname="UnityEngine.Grid" preserve="nothing"/>
		<type fullname="UnityEngine.GridLayout" preserve="nothing"/>
		<type fullname="UnityEngine.ParticleSystem" preserve="nothing"/>
		<type fullname="UnityEngine.ParticleSystemRenderer" preserve="nothing"/>
		<type fullname="UnityEngine.Rigidbody2D" preserve="nothing"/>
		<type fullname="UnityEngine.Collider2D" preserve="nothing"/>
		<type fullname="UnityEngine.CircleCollider2D" preserve="nothing"/>
		<type fullname="UnityEngine.BoxCollider2D" preserve="nothing"/>
		<type fullname="UnityEngine.PolygonCollider2D" preserve="nothing"/>
		<type fullname="UnityEngine.CompositeCollider2D" preserve="nothing"/>
		<type fullname="UnityEngine.Tilemaps.Tilemap" preserve="nothing"/>
		<type fullname="UnityEngine.Tilemaps.TilemapRenderer" preserve="nothing"/>
		<type fullname="UnityEngine.Tilemaps.TilemapCollider2D" preserve="nothing"/>
		<type fullname="UnityEngine.AnimationClip" preserve="nothing"/>
		<type fullname="UnityEngine.Animator" preserve="nothing"/>
		<type fullname="UnityEditor.Animations.AnimatorController" preserve="nothing"/>
		<type fullname="UnityEngine.Motion" preserve="nothing"/>
		<type fullname="UnityEngine.RuntimeAnimatorController" preserve="nothing"/>
		<type fullname="UnityEngine.Mesh" preserve="nothing"/>
		<type fullname="UnityEngine.Effector2D" preserve="nothing"/>
		<type fullname="UnityEngine.PlatformEffector2D" preserve="nothing"/>
		<type fullname="UnityEngine.AudioClip" preserve="nothing"/>
		<type fullname="UnityEngine.PhysicsMaterial2D" preserve="nothing"/>
	</assembly>
	<assembly fullname="Assembly-CSharp">
		<type fullname="BOSS_0" preserve="nothing"/>
		<type fullname="ButtonSc" preserve="nothing"/>
		<type fullname="CameraSc" preserve="nothing"/>
		<type fullname="CustomParticlesSc" preserve="nothing"/>
		<type fullname="DestroyableObjectSc" preserve="nothing"/>
		<type fullname="DoorSc" preserve="nothing"/>
		<type fullname="EnemyPathfindingSc" preserve="nothing"/>
		<type fullname="FPS_counterSC" preserve="nothing"/>
		<type fullname="HPSc" preserve="nothing"/>
		<type fullname="HorParallaxSc" preserve="nothing"/>
		<type fullname="JustDamageSc" preserve="nothing"/>
		<type fullname="MenuSc" preserve="nothing"/>
		<type fullname="MinibombSc" preserve="nothing"/>
		<type fullname="MovingPlatformSc" preserve="nothing"/>
		<type fullname="NPCSc" preserve="nothing"/>
		<type fullname="NextLevelSc" preserve="nothing"/>
		<type fullname="PikupMovementSc" preserve="nothing"/>
		<type fullname="PlayerController" preserve="nothing"/>
		<type fullname="RatSc" preserve="nothing"/>
		<type fullname="RocksRestoreSc" preserve="nothing"/>
		<type fullname="SpawnManagerSc" preserve="nothing"/>
		<type fullname="SpeedTimerSc" preserve="nothing"/>
		<type fullname="StartSc" preserve="nothing"/>
		<type fullname="lighttowSC" preserve="nothing"/>
	</assembly>
	<assembly fullname="Unity.2D.IK.Runtime">
		<type fullname="UnityEditor.U2D.IK.IKEditorManagerHelper" preserve="nothing"/>
	</assembly>
	<assembly fullname="Unity.InputSystem">
		<type fullname="UnityEngine.InputSystem.InputActionAsset" preserve="nothing"/>
		<type fullname="UnityEngine.InputSystem.InputActionReference" preserve="nothing"/>
		<type fullname="UnityEngine.InputSystem.InputSettings" preserve="nothing"/>
		<type fullname="UnityEngine.InputSystem.InputSystemObject" preserve="nothing"/>
		<type fullname="UnityEngine.InputSystem.PlayerInput" preserve="nothing"/>
		<type fullname="UnityEngine.InputSystem.RemoteInputPlayerConnection" preserve="nothing"/>
		<type fullname="UnityEngine.InputSystem.UI.InputSystemUIInputModule" preserve="nothing"/>
	</assembly>
	<assembly fullname="Unity.RenderPipelines.Core.Runtime">
		<type fullname="UnityEngine.Rendering.UI.DebugUIHandlerBitField" preserve="nothing"/>
		<type fullname="UnityEngine.Rendering.UI.DebugUIHandlerButton" preserve="nothing"/>
		<type fullname="UnityEngine.Rendering.UI.DebugUIHandlerCanvas" preserve="nothing"/>
		<type fullname="UnityEngine.Rendering.UI.DebugUIHandlerColor" preserve="nothing"/>
		<type fullname="UnityEngine.Rendering.UI.DebugUIHandlerContainer" preserve="nothing"/>
		<type fullname="UnityEngine.Rendering.UI.DebugUIHandlerEnumField" preserve="nothing"/>
		<type fullname="UnityEngine.Rendering.UI.DebugUIHandlerEnumHistory" preserve="nothing"/>
		<type fullname="UnityEngine.Rendering.UI.DebugUIHandlerFloatField" preserve="nothing"/>
		<type fullname="UnityEngine.Rendering.UI.DebugUIHandlerFoldout" preserve="nothing"/>
		<type fullname="UnityEngine.Rendering.UI.DebugUIHandlerGroup" preserve="nothing"/>
		<type fullname="UnityEngine.Rendering.UI.DebugUIHandlerHBox" preserve="nothing"/>
		<type fullname="UnityEngine.Rendering.UI.DebugUIHandlerIndirectFloatField" preserve="nothing"/>
		<type fullname="UnityEngine.Rendering.UI.DebugUIHandlerIndirectToggle" preserve="nothing"/>
		<type fullname="UnityEngine.Rendering.UI.DebugUIHandlerIntField" preserve="nothing"/>
		<type fullname="UnityEngine.Rendering.UI.DebugUIHandlerPanel" preserve="nothing"/>
		<type fullname="UnityEngine.Rendering.UI.DebugUIHandlerPersistentCanvas" preserve="nothing"/>
		<type fullname="UnityEngine.Rendering.UI.DebugUIHandlerRow" preserve="nothing"/>
		<type fullname="UnityEngine.Rendering.UI.DebugUIHandlerToggle" preserve="nothing"/>
		<type fullname="UnityEngine.Rendering.UI.DebugUIHandlerToggleHistory" preserve="nothing"/>
		<type fullname="UnityEngine.Rendering.UI.DebugUIHandlerUIntField" preserve="nothing"/>
		<type fullname="UnityEngine.Rendering.UI.DebugUIHandlerVBox" preserve="nothing"/>
		<type fullname="UnityEngine.Rendering.UI.DebugUIHandlerValue" preserve="nothing"/>
		<type fullname="UnityEngine.Rendering.UI.DebugUIHandlerVector2" preserve="nothing"/>
		<type fullname="UnityEngine.Rendering.UI.DebugUIHandlerVector3" preserve="nothing"/>
		<type fullname="UnityEngine.Rendering.UI.DebugUIHandlerVector4" preserve="nothing"/>
		<type fullname="UnityEngine.Rendering.UI.UIFoldout" preserve="nothing"/>
		<type fullname="UnityEngine.Rendering.Volume" preserve="nothing"/>
		<type fullname="UnityEngine.Rendering.VolumeProfile" preserve="nothing"/>
	</assembly>
	<assembly fullname="Unity.RenderPipelines.Universal.Runtime">
		<type fullname="UnityEngine.Experimental.Rendering.Universal.Light2D" preserve="nothing"/>
		<type fullname="UnityEngine.Experimental.Rendering.Universal.Renderer2DData" preserve="nothing"/>
		<type fullname="UnityEngine.Experimental.Rendering.Universal.ShadowCaster2D" preserve="nothing"/>
		<type fullname="UnityEngine.Rendering.Universal.Bloom" preserve="nothing"/>
		<type fullname="UnityEngine.Rendering.Universal.ColorCurves" preserve="nothing"/>
		<type fullname="UnityEngine.Rendering.Universal.ColorLookup" preserve="nothing"/>
		<type fullname="UnityEngine.Rendering.Universal.DepthOfField" preserve="nothing"/>
		<type fullname="UnityEngine.Rendering.Universal.FilmGrain" preserve="nothing"/>
		<type fullname="UnityEngine.Rendering.Universal.LensDistortion" preserve="nothing"/>
		<type fullname="UnityEngine.Rendering.Universal.MotionBlur" preserve="nothing"/>
		<type fullname="UnityEngine.Rendering.Universal.PaniniProjection" preserve="nothing"/>
		<type fullname="UnityEngine.Rendering.Universal.PostProcessData" preserve="nothing"/>
		<type fullname="UnityEngine.Rendering.Universal.SplitToning" preserve="nothing"/>
		<type fullname="UnityEngine.Rendering.Universal.Tonemapping" preserve="nothing"/>
		<type fullname="UnityEngine.Rendering.Universal.UniversalAdditionalCameraData" preserve="nothing"/>
		<type fullname="UnityEngine.Rendering.Universal.UniversalRenderPipelineAsset" preserve="nothing"/>
	</assembly>
	<assembly fullname="UnityEngine.UI">
		<type fullname="UnityEngine.EventSystems.EventSystem" preserve="nothing"/>
		<type fullname="UnityEngine.EventSystems.EventTrigger" preserve="nothing"/>
		<type fullname="UnityEngine.UI.Button" preserve="nothing"/>
		<type fullname="UnityEngine.UI.CanvasScaler" preserve="nothing"/>
		<type fullname="UnityEngine.UI.ContentSizeFitter" preserve="nothing"/>
		<type fullname="UnityEngine.UI.GraphicRaycaster" preserve="nothing"/>
		<type fullname="UnityEngine.UI.HorizontalLayoutGroup" preserve="nothing"/>
		<type fullname="UnityEngine.UI.Image" preserve="nothing"/>
		<type fullname="UnityEngine.UI.LayoutElement" preserve="nothing"/>
		<type fullname="UnityEngine.UI.Mask" preserve="nothing"/>
		<type fullname="UnityEngine.UI.ScrollRect" preserve="nothing"/>
		<type fullname="UnityEngine.UI.Scrollbar" preserve="nothing"/>
		<type fullname="UnityEngine.UI.Slider" preserve="nothing"/>
		<type fullname="UnityEngine.UI.Text" preserve="nothing"/>
		<type fullname="UnityEngine.UI.Toggle" preserve="nothing"/>
		<type fullname="UnityEngine.UI.VerticalLayoutGroup" preserve="nothing"/>
	</assembly>
</linker>
