<linker>
	<assembly fullname="UnityEngine">
		<type fullname="UnityEngine.Object" preserve="nothing"/>
		<type fullname="UnityEditor.MonoScript" preserve="nothing"/>
		<type fullname="UnityEngine.Material" preserve="nothing"/>
		<type fullname="UnityEngine.Texture" preserve="nothing"/>
		<type fullname="UnityEngine.Texture2D" preserve="nothing"/>
		<type fullname="UnityEngine.Sprite" preserve="nothing"/>
		<type fullname="UnityEditor.UnityConnectSettings" preserve="nothing"/>
		<type fullname="UnityEditor.VFXManager" preserve="nothing"/>
		<type fullname="UnityEngine.Shader" preserve="nothing"/>
		<type fullname="UnityEngine.TextAsset" preserve="nothing"/>
		<type fullname="UnityEditor.TagManager" preserve="nothing"/>
		<type fullname="UnityEditor.MonoManager" preserve="nothing"/>
		<type fullname="UnityEngine.Rendering.GraphicsSettings" preserve="nothing"/>
		<type fullname="UnityEditor.PlayerSettings" preserve="nothing"/>
		<type fullname="UnityEditor.TimeManager" preserve="nothing"/>
		<type fullname="UnityEditor.InputManager" preserve="nothing"/>
		<type fullname="UnityEditor.PhysicsManager" preserve="nothing"/>
		<type fullname="UnityEditor.AudioManager" preserve="nothing"/>
		<type fullname="UnityEditor.Physics2DSettings" preserve="nothing"/>
		<type fullname="UnityEngine.QualitySettings" preserve="nothing"/>
		<type fullname="UnityEngine.Camera" preserve="nothing"/>
		<type fullname="UnityEngine.Transform" preserve="nothing"/>
		<type fullname="UnityEngine.AudioBehaviour" preserve="nothing"/>
		<type fullname="UnityEngine.AudioListener" preserve="nothing"/>
		<type fullname="UnityEngine.Canvas" preserve="nothing"/>
		<type fullname="UnityEngine.RectTransform" preserve="nothing"/>
		<type fullname="UnityEngine.Behaviour" preserve="nothing"/>
		<type fullname="UnityEngine.GameObject" preserve="nothing"/>
		<type fullname="UnityEngine.Component" preserve="nothing"/>
		<type fullname="UnityEngine.MonoBehaviour" preserve="nothing"/>
		<type fullname="UnityEngine.LightmapSettings" preserve="nothing"/>
		<type fullname="UnityEngine.Font" preserve="nothing"/>
		<type fullname="UnityEngine.CanvasRenderer" preserve="nothing"/>
		<type fullname="UnityEngine.LightingSettings" preserve="nothing"/>
		<type fullname="UnityEngine.U2D.SpriteAtlas" preserve="nothing"/>
		<type fullname="UnityEngine.RenderSettings" preserve="nothing"/>
		<type fullname="UnityEngine.Renderer" preserve="nothing"/>
		<type fullname="UnityEngine.SpriteRenderer" preserve="nothing"/>
		<type fullname="UnityEngine.AudioSource" preserve="nothing"/>
		<type fullname="UnityEngine.Grid" preserve="nothing"/>
		<type fullname="UnityEngine.GridLayout" preserve="nothing"/>
		<type fullname="UnityEngine.ParticleSystem" preserve="nothing"/>
		<type fullname="UnityEngine.ParticleSystemRenderer" preserve="nothing"/>
		<type fullname="UnityEngine.Rigidbody2D" preserve="nothing"/>
		<type fullname="UnityEngine.Collider2D" preserve="nothing"/>
		<type fullname="UnityEngine.CircleCollider2D" preserve="nothing"/>
		<type fullname="UnityEngine.CapsuleCollider2D" preserve="nothing"/>
		<type fullname="UnityEngine.BoxCollider2D" preserve="nothing"/>
		<type fullname="UnityEngine.PolygonCollider2D" preserve="nothing"/>
		<type fullname="UnityEngine.Tilemaps.Tilemap" preserve="nothing"/>
		<type fullname="UnityEngine.Tilemaps.TilemapRenderer" preserve="nothing"/>
		<type fullname="UnityEngine.Tilemaps.TilemapCollider2D" preserve="nothing"/>
		<type fullname="UnityEngine.AnimationClip" preserve="nothing"/>
		<type fullname="UnityEngine.Animator" preserve="nothing"/>
		<type fullname="UnityEditor.Animations.AnimatorController" preserve="nothing"/>
		<type fullname="UnityEngine.Motion" preserve="nothing"/>
		<type fullname="UnityEngine.RuntimeAnimatorController" preserve="nothing"/>
		<type fullname="UnityEngine.LightProbes" preserve="nothing"/>
		<type fullname="UnityEngine.Effector2D" preserve="nothing"/>
		<type fullname="UnityEngine.BuoyancyEffector2D" preserve="nothing"/>
		<type fullname="UnityEngine.PlatformEffector2D" preserve="nothing"/>
		<type fullname="UnityEngine.AudioClip" preserve="nothing"/>
		<type fullname="UnityEngine.PhysicsMaterial2D" preserve="nothing"/>
	</assembly>
	<assembly fullname="Assembly-CSharp">
		<type fullname="ButtonSc" preserve="nothing"/>
		<type fullname="CameraTransitionSc" preserve="nothing"/>
		<type fullname="CustomParticlesSc" preserve="nothing"/>
		<type fullname="DestroyableObjectSc" preserve="nothing"/>
		<type fullname="DoorSc" preserve="nothing"/>
		<type fullname="EnemyBulletSc" preserve="nothing"/>
		<type fullname="FPS_counterSC" preserve="nothing"/>
		<type fullname="FlyingEnemySc" preserve="nothing"/>
		<type fullname="FragmentSc" preserve="nothing"/>
		<type fullname="GunSc" preserve="nothing"/>
		<type fullname="HPSc" preserve="nothing"/>
		<type fullname="HorParallaxSc" preserve="nothing"/>
		<type fullname="JustDamageSc" preserve="nothing"/>
		<type fullname="LoadGGSc" preserve="nothing"/>
		<type fullname="MenuSc" preserve="nothing"/>
		<type fullname="MinibombSc" preserve="nothing"/>
		<type fullname="MovingPlatformSc" preserve="nothing"/>
		<type fullname="NextLevelSc" preserve="nothing"/>
		<type fullname="PikupMovementSc" preserve="nothing"/>
		<type fullname="PlayerController" preserve="nothing"/>
		<type fullname="RatSc" preserve="nothing"/>
		<type fullname="SpawnManagerSc" preserve="nothing"/>
		<type fullname="SpeedTimerSc" preserve="nothing"/>
		<type fullname="StartSc" preserve="nothing"/>
		<type fullname="lighttowSC" preserve="nothing"/>
	</assembly>
	<assembly fullname="AstarPathfindingProject">
		<type fullname="AstarPath" preserve="nothing"/>
		<type fullname="Pathfinding.AIDestinationSetter" preserve="nothing"/>
		<type fullname="Pathfinding.AIPath" preserve="nothing"/>
		<type fullname="Pathfinding.Seeker" preserve="nothing"/>
	</assembly>
	<assembly fullname="Cinemachine">
		<type fullname="Cinemachine.CinemachineBrain" preserve="nothing"/>
		<type fullname="Cinemachine.CinemachineConfiner" preserve="nothing"/>
		<type fullname="Cinemachine.CinemachineFramingTransposer" preserve="nothing"/>
		<type fullname="Cinemachine.CinemachinePipeline" preserve="nothing"/>
		<type fullname="Cinemachine.CinemachinePixelPerfect" preserve="nothing"/>
		<type fullname="Cinemachine.CinemachineVirtualCamera" preserve="nothing"/>
		<type fullname="Cinemachine.PostFX.CinemachineVolumeSettings" preserve="nothing"/>
	</assembly>
	<assembly fullname="Unity.2D.IK.Runtime">
		<type fullname="UnityEditor.U2D.IK.IKEditorManagerHelper" preserve="nothing"/>
	</assembly>
	<assembly fullname="Unity.2D.PixelPerfect">
		<type fullname="UnityEngine.U2D.PixelPerfectCamera" preserve="nothing"/>
	</assembly>
	<assembly fullname="Unity.InputSystem">
		<type fullname="UnityEngine.InputSystem.InputActionAsset" preserve="nothing"/>
		<type fullname="UnityEngine.InputSystem.InputActionReference" preserve="nothing"/>
		<type fullname="UnityEngine.InputSystem.InputSettings" preserve="nothing"/>
		<type fullname="UnityEngine.InputSystem.InputSystemObject" preserve="nothing"/>
		<type fullname="UnityEngine.InputSystem.PlayerInput" preserve="nothing"/>
		<type fullname="UnityEngine.InputSystem.RemoteInputPlayerConnection" preserve="nothing"/>
		<type fullname="UnityEngine.InputSystem.UI.InputSystemUIInputModule" preserve="nothing"/>
	</assembly>
	<assembly fullname="UnityEngine.UI">
		<type fullname="UnityEngine.EventSystems.EventSystem" preserve="nothing"/>
		<type fullname="UnityEngine.EventSystems.EventTrigger" preserve="nothing"/>
		<type fullname="UnityEngine.UI.Button" preserve="nothing"/>
		<type fullname="UnityEngine.UI.CanvasScaler" preserve="nothing"/>
		<type fullname="UnityEngine.UI.GraphicRaycaster" preserve="nothing"/>
		<type fullname="UnityEngine.UI.Image" preserve="nothing"/>
		<type fullname="UnityEngine.UI.Slider" preserve="nothing"/>
		<type fullname="UnityEngine.UI.Text" preserve="nothing"/>
		<type fullname="UnityEngine.UI.Toggle" preserve="nothing"/>
	</assembly>
</linker>
